series,mae,mape
sales_volume,9938.574660282256,0.21979676590169825
median_price,7357.435864963768,0.03387890026250686
